"file","state","what","min size (px)","aspect ratio","prompt","negative prompt"
"assets/img/states/alaska/hero.jpg","Alaska","hero landscape","1981 × 1652","5:4","Denali towering over autumn tundra in red and gold, a braided glacial river below, alpenglow on the snow. Painterly photorealistic landscape, golden-hour light with glowing dramatic clouds, high vantage point and deep perspective, rich natural greens and warm sunset tones, crisp detail, premium heritage American cookbook style (same look as the Alabama hero image). The picture will be clipped inside the outline of the state: keep the main subject in the centre and the horizon in the upper third, with nothing important near the edges. Aspect ratio 5:4.","No people, no hands, no faces, no text, no lettering, no logos, no labels, no watermark, no frame or border."
"assets/img/states/alaska/dish-1.jpg","Alaska","food — full page","2055 × 2892","5:7","Akutaq, the classic Alaska dish, plated and ready to serve. Recognisable ingredients: rendered beef tallow, cold water or snow, flaked white fish, sugar or honey; a few raw ingredients arranged around the plate. Editorial food photograph, photorealistic. Rustic weathered wooden table, a red-and-white gingham napkin, navy enamelware with small white stars, warm natural side light, soft shadows, shallow depth of field, 50 mm lens, rich but natural colours, premium coffee-table cookbook style (same look as the Alabama sliders photo). Vertical composition, dish filling the frame from a three-quarter angle. Aspect ratio 5:7.","No people, no hands, no faces, no text, no lettering, no logos, no labels, no watermark, no frame or border."
"assets/img/states/arizona/hero.jpg","Arizona","hero landscape","1895 × 2205","4:5","the Sonoran Desert near Tucson at sunset, giant saguaro cacti and ocotillo in the foreground, the Santa Catalina Mountains glowing pink. Painterly photorealistic landscape, golden-hour light with glowing dramatic clouds, high vantage point and deep perspective, rich natural greens and warm sunset tones, crisp detail, premium heritage American cookbook style (same look as the Alabama hero image). The picture will be clipped inside the outline of the state: keep the main subject in the centre and the horizon in the upper third, with nothing important near the edges. Aspect ratio 4:5.","No people, no hands, no faces, no text, no lettering, no logos, no labels, no watermark, no frame or border."
"assets/img/states/arizona/dish-1.jpg","Arizona","food — full page","2055 × 2892","5:7","Sonoran Style Chimichanga, the classic Arizona dish, plated and ready to serve. Recognisable ingredients: beef chuck roast, onion, garlic, cumin, oregano, chili powder, beef broth or water, flour tortillas; a few raw ingredients arranged around the plate. Editorial food photograph, photorealistic. Rustic weathered wooden table, a red-and-white gingham napkin, navy enamelware with small white stars, warm natural side light, soft shadows, shallow depth of field, 50 mm lens, rich but natural colours, premium coffee-table cookbook style (same look as the Alabama sliders photo). Vertical composition, dish filling the frame from a three-quarter angle. Aspect ratio 5:7.","No people, no hands, no faces, no text, no lettering, no logos, no labels, no watermark, no frame or border."
"assets/img/states/arkansas/hero.jpg","Arkansas","hero landscape","1981 × 1735","5:4","the Buffalo National River in the Ozarks, tall limestone bluffs and autumn hardwood forest, morning mist on the water. Painterly photorealistic landscape, golden-hour light with glowing dramatic clouds, high vantage point and deep perspective, rich natural greens and warm sunset tones, crisp detail, premium heritage American cookbook style (same look as the Alabama hero image). The picture will be clipped inside the outline of the state: keep the main subject in the centre and the horizon in the upper third, with nothing important near the edges. Aspect ratio 5:4.","No people, no hands, no faces, no text, no lettering, no logos, no labels, no watermark, no frame or border."
"assets/img/states/arkansas/dish-1.jpg","Arkansas","food — full page","2055 × 2892","5:7","Fried Catfish with Arkansas-Style Tartar Sauce, the classic Arkansas dish, plated and ready to serve with Arkansas-Style Tartar Sauce on the side. Recognisable ingredients: catfish fillets, buttermilk, yellow cornmeal, cornstarch, paprika, garlic powder, cayenne, lemon wedges; a few raw ingredients arranged around the plate. Editorial food photograph, photorealistic. Rustic weathered wooden table, a red-and-white gingham napkin, navy enamelware with small white stars, warm natural side light, soft shadows, shallow depth of field, 50 mm lens, rich but natural colours, premium coffee-table cookbook style (same look as the Alabama sliders photo). Vertical composition, dish filling the frame from a three-quarter angle. Aspect ratio 5:7.","No people, no hands, no faces, no text, no lettering, no logos, no labels, no watermark, no frame or border."
"assets/img/states/california/hero.jpg","California","hero landscape","1890 × 2205","4:5","the Southern California coast near San Diego at golden hour, rolling surf, sandstone cliffs and a few palm trees. Painterly photorealistic landscape, golden-hour light with glowing dramatic clouds, high vantage point and deep perspective, rich natural greens and warm sunset tones, crisp detail, premium heritage American cookbook style (same look as the Alabama hero image). The picture will be clipped inside the outline of the state: keep the main subject in the centre and the horizon in the upper third, with nothing important near the edges. Aspect ratio 4:5.","No people, no hands, no faces, no text, no lettering, no logos, no labels, no watermark, no frame or border."
"assets/img/states/california/dish-1.jpg","California","food — two-page spread","4110 × 2892","7:5","Fish Tacos, the classic California dish, plated and ready to serve. Recognisable ingredients: white fish, lime juice, shredded cabbage, chopped cilantro, apple cider vinegar, sour cream, mayo, lime; a few raw ingredients arranged around the plate. Editorial food photograph, photorealistic. Rustic weathered wooden table, a red-and-white gingham napkin, navy enamelware with small white stars, warm natural side light, soft shadows, shallow depth of field, 50 mm lens, rich but natural colours, premium coffee-table cookbook style (same look as the Alabama sliders photo). Wide horizontal composition for a two-page spread: dish placed left or right of centre, never on the centre line, with generous table space around it. Aspect ratio 7:5.","No people, no hands, no faces, no text, no lettering, no logos, no labels, no watermark, no frame or border."
"assets/img/states/colorado/hero.jpg","Colorado","hero landscape","1981 × 1438","7:5","the Rocky Mountains with golden aspen groves around a still alpine lake reflecting snow-dusted peaks. Painterly photorealistic landscape, golden-hour light with glowing dramatic clouds, high vantage point and deep perspective, rich natural greens and warm sunset tones, crisp detail, premium heritage American cookbook style (same look as the Alabama hero image). The picture will be clipped inside the outline of the state: keep the main subject in the centre and the horizon in the upper third, with nothing important near the edges. Aspect ratio 7:5.","No people, no hands, no faces, no text, no lettering, no logos, no labels, no watermark, no frame or border."
"assets/img/states/colorado/dish-1.jpg","Colorado","food — full page","2055 × 2892","5:7","Denver Omelet, the classic Colorado dish, plated and ready to serve. Recognisable ingredients: eggs, whole milk or half-and-half, diced cooked ham, green bell pepper, red bell pepper, onion, shredded cheddar cheese, butter or neutral oil; a few raw ingredients arranged around the plate. Editorial food photograph, photorealistic. Rustic weathered wooden table, a red-and-white gingham napkin, navy enamelware with small white stars, warm natural side light, soft shadows, shallow depth of field, 50 mm lens, rich but natural colours, premium coffee-table cookbook style (same look as the Alabama sliders photo). Vertical composition, dish filling the frame from a three-quarter angle. Aspect ratio 5:7.","No people, no hands, no faces, no text, no lettering, no logos, no labels, no watermark, no frame or border."
"assets/img/states/connecticut/hero.jpg","Connecticut","hero landscape","1981 × 1449","7:5","the Connecticut shoreline on Long Island Sound, salt marsh and rocky inlets, a small white lighthouse at dawn. Painterly photorealistic landscape, golden-hour light with glowing dramatic clouds, high vantage point and deep perspective, rich natural greens and warm sunset tones, crisp detail, premium heritage American cookbook style (same look as the Alabama hero image). The picture will be clipped inside the outline of the state: keep the main subject in the centre and the horizon in the upper third, with nothing important near the edges. Aspect ratio 7:5.","No people, no hands, no faces, no text, no lettering, no logos, no labels, no watermark, no frame or border."
"assets/img/states/connecticut/dish-1.jpg","Connecticut","food — full page","2055 × 2892","5:7","White Clam Apizza, the classic Connecticut dish, plated and ready to serve. Recognisable ingredients: warm water, sugar, active dry yeast, all-purpose flour, olive oil, shucked littleneck clams, garlic, dried oregano; a few raw ingredients arranged around the plate. Editorial food photograph, photorealistic. Rustic weathered wooden table, a red-and-white gingham napkin, navy enamelware with small white stars, warm natural side light, soft shadows, shallow depth of field, 50 mm lens, rich but natural colours, premium coffee-table cookbook style (same look as the Alabama sliders photo). Vertical composition, dish filling the frame from a three-quarter angle. Aspect ratio 5:7.","No people, no hands, no faces, no text, no lettering, no logos, no labels, no watermark, no frame or border."
"assets/img/states/delaware/hero.jpg","Delaware","hero landscape","915 × 2205","9:16","Cape Henlopen dunes and beach grass on Delaware Bay at sunrise, calm water and soft pink sky. Painterly photorealistic landscape, golden-hour light with glowing dramatic clouds, high vantage point and deep perspective, rich natural greens and warm sunset tones, crisp detail, premium heritage American cookbook style (same look as the Alabama hero image). The picture will be clipped inside the outline of the state: keep the main subject in the centre and the horizon in the upper third, with nothing important near the edges. Aspect ratio 9:16.","No people, no hands, no faces, no text, no lettering, no logos, no labels, no watermark, no frame or border."
"assets/img/states/delaware/dish-1.jpg","Delaware","food — full page","2055 × 2892","5:7","Scrapple Breakfast Sandwich, the classic Delaware dish, plated and ready to serve. Recognisable ingredients: egg, American cheese or cheddar, sandwich roll, butter or oil; a few raw ingredients arranged around the plate. Editorial food photograph, photorealistic. Rustic weathered wooden table, a red-and-white gingham napkin, navy enamelware with small white stars, warm natural side light, soft shadows, shallow depth of field, 50 mm lens, rich but natural colours, premium coffee-table cookbook style (same look as the Alabama sliders photo). Vertical composition, dish filling the frame from a three-quarter angle. Aspect ratio 5:7.","No people, no hands, no faces, no text, no lettering, no logos, no labels, no watermark, no frame or border."
"assets/img/states/florida/hero.jpg","Florida","hero landscape","1981 × 1972","1:1","the Florida Keys at sunset, turquoise shallows, mangrove islands and a long bridge vanishing to the horizon. Painterly photorealistic landscape, golden-hour light with glowing dramatic clouds, high vantage point and deep perspective, rich natural greens and warm sunset tones, crisp detail, premium heritage American cookbook style (same look as the Alabama hero image). The picture will be clipped inside the outline of the state: keep the main subject in the centre and the horizon in the upper third, with nothing important near the edges. Aspect ratio 1:1.","No people, no hands, no faces, no text, no lettering, no logos, no labels, no watermark, no frame or border."
"assets/img/states/florida/dish-1.jpg","Florida","food — full page","2055 × 2892","5:7","Key Lime Grilled Grouper and Coconut Rice, the classic Florida dish, plated and ready to serve. Recognisable ingredients: grouper fillets, Key lime juice, olive oil, melted butter, garlic, honey or agave syrup, paprika, jasmine rice; a few raw ingredients arranged around the plate. Editorial food photograph, photorealistic. Rustic weathered wooden table, a red-and-white gingham napkin, navy enamelware with small white stars, warm natural side light, soft shadows, shallow depth of field, 50 mm lens, rich but natural colours, premium coffee-table cookbook style (same look as the Alabama sliders photo). Vertical composition, dish filling the frame from a three-quarter angle. Aspect ratio 5:7.","No people, no hands, no faces, no text, no lettering, no logos, no labels, no watermark, no frame or border."
"assets/img/states/georgia/hero.jpg","Georgia","hero landscape","1891 × 2205","4:5","a Georgia peach orchard heavy with ripe fruit on rolling Piedmont hills, warm late-afternoon light. Painterly photorealistic landscape, golden-hour light with glowing dramatic clouds, high vantage point and deep perspective, rich natural greens and warm sunset tones, crisp detail, premium heritage American cookbook style (same look as the Alabama hero image). The picture will be clipped inside the outline of the state: keep the main subject in the centre and the horizon in the upper third, with nothing important near the edges. Aspect ratio 4:5.","No people, no hands, no faces, no text, no lettering, no logos, no labels, no watermark, no frame or border."
"assets/img/states/georgia/dish-1.jpg","Georgia","food — full page","2055 × 2892","5:7","Georgia Peach Cobbler, the classic Georgia dish, plated and ready to serve. Recognisable ingredients: fresh ripe Georgia peaches, granulated sugar, brown sugar, cinnamon, nutmeg, lemon juice, vanilla extract, cornstarch; a few raw ingredients arranged around the plate. Editorial food photograph, photorealistic. Rustic weathered wooden table, a red-and-white gingham napkin, navy enamelware with small white stars, warm natural side light, soft shadows, shallow depth of field, 50 mm lens, rich but natural colours, premium coffee-table cookbook style (same look as the Alabama sliders photo). Vertical composition, dish filling the frame from a three-quarter angle. Aspect ratio 5:7.","No people, no hands, no faces, no text, no lettering, no logos, no labels, no watermark, no frame or border."
"assets/img/states/hawaii/hero.jpg","Hawaii","hero landscape","1980 × 1305","3:2","the green volcanic cliffs of the Nā Pali Coast above a turquoise Pacific, palms and a soft tropical sunset. Painterly photorealistic landscape, golden-hour light with glowing dramatic clouds, high vantage point and deep perspective, rich natural greens and warm sunset tones, crisp detail, premium heritage American cookbook style (same look as the Alabama hero image). The picture will be clipped inside the outline of the state: keep the main subject in the centre and the horizon in the upper third, with nothing important near the edges. Aspect ratio 3:2.","No people, no hands, no faces, no text, no lettering, no logos, no labels, no watermark, no frame or border."
"assets/img/states/hawaii/dish-1.jpg","Hawaii","food — full page","2055 × 2892","5:7","Kalua Pork, the classic Hawaii dish, plated and ready to serve. Recognisable ingredients: pork shoulder, Hawaiian sea salt, liquid smoke; a few raw ingredients arranged around the plate. Editorial food photograph, photorealistic. Rustic weathered wooden table, a red-and-white gingham napkin, navy enamelware with small white stars, warm natural side light, soft shadows, shallow depth of field, 50 mm lens, rich but natural colours, premium coffee-table cookbook style (same look as the Alabama sliders photo). Vertical composition, dish filling the frame from a three-quarter angle. Aspect ratio 5:7.","No people, no hands, no faces, no text, no lettering, no logos, no labels, no watermark, no frame or border."
"assets/img/states/idaho/hero.jpg","Idaho","hero landscape","1420 × 2205","2:3","the Sawtooth Mountains reflected in an alpine lake, pine forest and wildflowers in the foreground. Painterly photorealistic landscape, golden-hour light with glowing dramatic clouds, high vantage point and deep perspective, rich natural greens and warm sunset tones, crisp detail, premium heritage American cookbook style (same look as the Alabama hero image). The picture will be clipped inside the outline of the state: keep the main subject in the centre and the horizon in the upper third, with nothing important near the edges. Aspect ratio 2:3.","No people, no hands, no faces, no text, no lettering, no logos, no labels, no watermark, no frame or border."
"assets/img/states/idaho/dish-1.jpg","Idaho","food — full page","2055 × 2892","5:7","Finger Steaks with French Fries and Fry Sauce, the classic Idaho dish, plated and ready to serve with Fry Sauce and French Fries on the side. Recognisable ingredients: boneless beef sirloin steak, egg, buttermilk, Montreal steak seasoning, all-purpose flour, garlic powder, onion salt; a few raw ingredients arranged around the plate. Editorial food photograph, photorealistic. Rustic weathered wooden table, a red-and-white gingham napkin, navy enamelware with small white stars, warm natural side light, soft shadows, shallow depth of field, 50 mm lens, rich but natural colours, premium coffee-table cookbook style (same look as the Alabama sliders photo). Vertical composition, dish filling the frame from a three-quarter angle. Aspect ratio 5:7.","No people, no hands, no faces, no text, no lettering, no logos, no labels, no watermark, no frame or border."
"assets/img/states/idaho/dish-2.jpg","Idaho","food — full page","2055 × 2892","5:7","Fry Sauce, the classic Idaho dish, plated and ready to serve. Recognisable ingredients: mayonnaise, ketchup, Worcestershire sauce, paprika, garlic powder; a few raw ingredients arranged around the plate. Editorial food photograph, photorealistic. Rustic weathered wooden table, a red-and-white gingham napkin, navy enamelware with small white stars, warm natural side light, soft shadows, shallow depth of field, 50 mm lens, rich but natural colours, premium coffee-table cookbook style (same look as the Alabama sliders photo). Vertical composition, dish filling the frame from a three-quarter angle. Aspect ratio 5:7.","No people, no hands, no faces, no text, no lettering, no logos, no labels, no watermark, no frame or border."
"assets/img/states/idaho/dish-3.jpg","Idaho","food — full page","2055 × 2892","5:7","French Fries, the classic Idaho dish, plated and ready to serve. Recognisable ingredients: russet potatoes; a few raw ingredients arranged around the plate. Editorial food photograph, photorealistic. Rustic weathered wooden table, a red-and-white gingham napkin, navy enamelware with small white stars, warm natural side light, soft shadows, shallow depth of field, 50 mm lens, rich but natural colours, premium coffee-table cookbook style (same look as the Alabama sliders photo). Vertical composition, dish filling the frame from a three-quarter angle. Aspect ratio 5:7.","No people, no hands, no faces, no text, no lettering, no logos, no labels, no watermark, no frame or border."
"assets/img/states/illinois/hero.jpg","Illinois","hero landscape","1232 × 2205","9:16","the Chicago skyline seen across Lake Michigan at golden hour, calm water and glowing clouds. Painterly photorealistic landscape, golden-hour light with glowing dramatic clouds, high vantage point and deep perspective, rich natural greens and warm sunset tones, crisp detail, premium heritage American cookbook style (same look as the Alabama hero image). The picture will be clipped inside the outline of the state: keep the main subject in the centre and the horizon in the upper third, with nothing important near the edges. Aspect ratio 9:16.","No people, no hands, no faces, no text, no lettering, no logos, no labels, no watermark, no frame or border."
"assets/img/states/illinois/dish-1.jpg","Illinois","food — full page","2055 × 2892","5:7","Chicago Dog, the classic Illinois dish, plated and ready to serve. Recognisable ingredients: poppy-seed hot dog bun, all-beef hot dog, yellow mustard, sweet green relish, chopped onions, tomato, dill pickle spear, sport peppers; a few raw ingredients arranged around the plate. Editorial food photograph, photorealistic. Rustic weathered wooden table, a red-and-white gingham napkin, navy enamelware with small white stars, warm natural side light, soft shadows, shallow depth of field, 50 mm lens, rich but natural colours, premium coffee-table cookbook style (same look as the Alabama sliders photo). Vertical composition, dish filling the frame from a three-quarter angle. Aspect ratio 5:7.","No people, no hands, no faces, no text, no lettering, no logos, no labels, no watermark, no frame or border."
"assets/img/states/indiana/hero.jpg","Indiana","hero landscape","1438 × 2205","2:3","Indiana farmland in autumn, a red barn among golden cornfields and a line of hardwood trees. Painterly photorealistic landscape, golden-hour light with glowing dramatic clouds, high vantage point and deep perspective, rich natural greens and warm sunset tones, crisp detail, premium heritage American cookbook style (same look as the Alabama hero image). The picture will be clipped inside the outline of the state: keep the main subject in the centre and the horizon in the upper third, with nothing important near the edges. Aspect ratio 2:3.","No people, no hands, no faces, no text, no lettering, no logos, no labels, no watermark, no frame or border."
"assets/img/states/indiana/dish-1.jpg","Indiana","food — full page","2055 × 2892","5:7","Hoosier Pie, the classic Indiana dish, plated and ready to serve. Recognisable ingredients: single pie crust, whole milk, granulated sugar, packed light brown sugar, cornstarch, unsalted butter, heavy cream, pure vanilla extract; a few raw ingredients arranged around the plate. Editorial food photograph, photorealistic. Rustic weathered wooden table, a red-and-white gingham napkin, navy enamelware with small white stars, warm natural side light, soft shadows, shallow depth of field, 50 mm lens, rich but natural colours, premium coffee-table cookbook style (same look as the Alabama sliders photo). Vertical composition, dish filling the frame from a three-quarter angle. Aspect ratio 5:7.","No people, no hands, no faces, no text, no lettering, no logos, no labels, no watermark, no frame or border."
"assets/img/states/iowa/hero.jpg","Iowa","hero landscape","1981 × 1299","3:2","rolling Iowa cornfields under a big summer sky at sunset, a gravel road and a white farmhouse in the distance. Painterly photorealistic landscape, golden-hour light with glowing dramatic clouds, high vantage point and deep perspective, rich natural greens and warm sunset tones, crisp detail, premium heritage American cookbook style (same look as the Alabama hero image). The picture will be clipped inside the outline of the state: keep the main subject in the centre and the horizon in the upper third, with nothing important near the edges. Aspect ratio 3:2.","No people, no hands, no faces, no text, no lettering, no logos, no labels, no watermark, no frame or border."
"assets/img/states/iowa/dish-1.jpg","Iowa","food — full page","2055 × 2892","5:7","Ham Balls with Sweet Sauce, the classic Iowa dish, plated and ready to serve. Recognisable ingredients: ground ham, ground pork, graham cracker, eggs, milk, brown sugar, ketchup, yellow mustard; a few raw ingredients arranged around the plate. Editorial food photograph, photorealistic. Rustic weathered wooden table, a red-and-white gingham napkin, navy enamelware with small white stars, warm natural side light, soft shadows, shallow depth of field, 50 mm lens, rich but natural colours, premium coffee-table cookbook style (same look as the Alabama sliders photo). Vertical composition, dish filling the frame from a three-quarter angle. Aspect ratio 5:7.","No people, no hands, no faces, no text, no lettering, no logos, no labels, no watermark, no frame or border."
"assets/img/states/kansas/hero.jpg","Kansas","hero landscape","1981 × 1023","2:1","the Kansas Flint Hills tallgrass prairie with a field of sunflowers under towering sunset clouds. Painterly photorealistic landscape, golden-hour light with glowing dramatic clouds, high vantage point and deep perspective, rich natural greens and warm sunset tones, crisp detail, premium heritage American cookbook style (same look as the Alabama hero image). The picture will be clipped inside the outline of the state: keep the main subject in the centre and the horizon in the upper third, with nothing important near the edges. Aspect ratio 2:1.","No people, no hands, no faces, no text, no lettering, no logos, no labels, no watermark, no frame or border."
"assets/img/states/kansas/dish-1.jpg","Kansas","food — full page","2055 × 2892","5:7","Bierock, the classic Kansas dish, plated and ready to serve. Recognisable ingredients: active dry yeast, warm water ), warm milk, unsalted butter, granulated sugar, egg, all-purpose flour, ground beef; a few raw ingredients arranged around the plate. Editorial food photograph, photorealistic. Rustic weathered wooden table, a red-and-white gingham napkin, navy enamelware with small white stars, warm natural side light, soft shadows, shallow depth of field, 50 mm lens, rich but natural colours, premium coffee-table cookbook style (same look as the Alabama sliders photo). Vertical composition, dish filling the frame from a three-quarter angle. Aspect ratio 5:7.","No people, no hands, no faces, no text, no lettering, no logos, no labels, no watermark, no frame or border."
"assets/img/states/kentucky/hero.jpg","Kentucky","hero landscape","1981 × 854","2:1","Kentucky bluegrass horse country, black plank fences over rolling green hills, morning fog and sunrise. Painterly photorealistic landscape, golden-hour light with glowing dramatic clouds, high vantage point and deep perspective, rich natural greens and warm sunset tones, crisp detail, premium heritage American cookbook style (same look as the Alabama hero image). The picture will be clipped inside the outline of the state: keep the main subject in the centre and the horizon in the upper third, with nothing important near the edges. Aspect ratio 2:1.","No people, no hands, no faces, no text, no lettering, no logos, no labels, no watermark, no frame or border."
"assets/img/states/kentucky/dish-1.jpg","Kentucky","food — full page","2055 × 2892","5:7","Burgoo, the classic Kentucky dish, plated and ready to serve. Recognisable ingredients: boneless pork shoulder, beef chuck roast, lamb shoulder, bone-in chicken thighs, freshly ground black pepper, yellow onions, carrots, celery ribs; a few raw ingredients arranged around the plate. Editorial food photograph, photorealistic. Rustic weathered wooden table, a red-and-white gingham napkin, navy enamelware with small white stars, warm natural side light, soft shadows, shallow depth of field, 50 mm lens, rich but natural colours, premium coffee-table cookbook style (same look as the Alabama sliders photo). Vertical composition, dish filling the frame from a three-quarter angle. Aspect ratio 5:7.","No people, no hands, no faces, no text, no lettering, no logos, no labels, no watermark, no frame or border."
"assets/img/states/louisiana/hero.jpg","Louisiana","hero landscape","1981 × 1801","1:1","a Louisiana bayou at golden hour, bald cypress trees draped in Spanish moss reflected in still water. Painterly photorealistic landscape, golden-hour light with glowing dramatic clouds, high vantage point and deep perspective, rich natural greens and warm sunset tones, crisp detail, premium heritage American cookbook style (same look as the Alabama hero image). The picture will be clipped inside the outline of the state: keep the main subject in the centre and the horizon in the upper third, with nothing important near the edges. Aspect ratio 1:1.","No people, no hands, no faces, no text, no lettering, no logos, no labels, no watermark, no frame or border."
"assets/img/states/louisiana/dish-1.jpg","Louisiana","food — two-page spread","4110 × 2892","7:5","Gumbo, the classic Louisiana dish, plated and ready to serve. Recognisable ingredients: all-purpose flour, onion, green bell pepper, celery stalks, garlic, seafood, raw shrimp, lump crabmeat; a few raw ingredients arranged around the plate. Editorial food photograph, photorealistic. Rustic weathered wooden table, a red-and-white gingham napkin, navy enamelware with small white stars, warm natural side light, soft shadows, shallow depth of field, 50 mm lens, rich but natural colours, premium coffee-table cookbook style (same look as the Alabama sliders photo). Wide horizontal composition for a two-page spread: dish placed left or right of centre, never on the centre line, with generous table space around it. Aspect ratio 7:5.","No people, no hands, no faces, no text, no lettering, no logos, no labels, no watermark, no frame or border."
"assets/img/states/maine/hero.jpg","Maine","hero landscape","1456 × 2205","2:3","the rocky coast of Maine with a white lighthouse on the cliffs, crashing surf and pine trees at sunrise. Painterly photorealistic landscape, golden-hour light with glowing dramatic clouds, high vantage point and deep perspective, rich natural greens and warm sunset tones, crisp detail, premium heritage American cookbook style (same look as the Alabama hero image). The picture will be clipped inside the outline of the state: keep the main subject in the centre and the horizon in the upper third, with nothing important near the edges. Aspect ratio 2:3.","No people, no hands, no faces, no text, no lettering, no logos, no labels, no watermark, no frame or border."
"assets/img/states/maine/dish-1.jpg","Maine","food — full page","2055 × 2892","5:7","Lobster Roll, the classic Maine dish, plated and ready to serve. Recognisable ingredients: cooked fresh Maine lobster meat, good quality mayonnaise such as Duke’s, celery stalk, fresh lemon juice, New England-style top-split hot dog buns, unsalted butter, lemon wedges; a few raw ingredients arranged around the plate. Editorial food photograph, photorealistic. Rustic weathered wooden table, a red-and-white gingham napkin, navy enamelware with small white stars, warm natural side light, soft shadows, shallow depth of field, 50 mm lens, rich but natural colours, premium coffee-table cookbook style (same look as the Alabama sliders photo). Vertical composition, dish filling the frame from a three-quarter angle. Aspect ratio 5:7.","No people, no hands, no faces, no text, no lettering, no logos, no labels, no watermark, no frame or border."
"assets/img/states/maryland/hero.jpg","Maryland","hero landscape","1981 × 1052","16:9","the Chesapeake Bay at sunrise, marsh grass, wooden pilings and a traditional skipjack sailboat on calm water. Painterly photorealistic landscape, golden-hour light with glowing dramatic clouds, high vantage point and deep perspective, rich natural greens and warm sunset tones, crisp detail, premium heritage American cookbook style (same look as the Alabama hero image). The picture will be clipped inside the outline of the state: keep the main subject in the centre and the horizon in the upper third, with nothing important near the edges. Aspect ratio 16:9.","No people, no hands, no faces, no text, no lettering, no logos, no labels, no watermark, no frame or border."
"assets/img/states/maryland/dish-1.jpg","Maryland","food — full page","2055 × 2892","5:7","Steamed Crabs, the classic Maryland dish, plated and ready to serve. Recognisable ingredients: live blue crabs, white vinegar, beer or water, Old Bay seasoning, melted butter, vinegar; a few raw ingredients arranged around the plate. Editorial food photograph, photorealistic. Rustic weathered wooden table, a red-and-white gingham napkin, navy enamelware with small white stars, warm natural side light, soft shadows, shallow depth of field, 50 mm lens, rich but natural colours, premium coffee-table cookbook style (same look as the Alabama sliders photo). Vertical composition, dish filling the frame from a three-quarter angle. Aspect ratio 5:7.","No people, no hands, no faces, no text, no lettering, no logos, no labels, no watermark, no frame or border."
"assets/img/states/massachusetts/hero.jpg","Massachusetts","hero landscape","1981 × 1217","3:2","Cape Cod dunes and beach grass leading to a lighthouse, soft ocean light at the end of the day. Painterly photorealistic landscape, golden-hour light with glowing dramatic clouds, high vantage point and deep perspective, rich natural greens and warm sunset tones, crisp detail, premium heritage American cookbook style (same look as the Alabama hero image). The picture will be clipped inside the outline of the state: keep the main subject in the centre and the horizon in the upper third, with nothing important near the edges. Aspect ratio 3:2.","No people, no hands, no faces, no text, no lettering, no logos, no labels, no watermark, no frame or border."
"assets/img/states/massachusetts/dish-1.jpg","Massachusetts","food — full page","2055 × 2892","5:7","New England Clam Chowder, the classic Massachusetts dish, plated and ready to serve. Recognisable ingredients: dozen hard-shell clams, onion, potatoes, whole milk, heavy cream, unsalted butter, all-purpose flour, fresh parsley; a few raw ingredients arranged around the plate. Editorial food photograph, photorealistic. Rustic weathered wooden table, a red-and-white gingham napkin, navy enamelware with small white stars, warm natural side light, soft shadows, shallow depth of field, 50 mm lens, rich but natural colours, premium coffee-table cookbook style (same look as the Alabama sliders photo). Vertical composition, dish filling the frame from a three-quarter angle. Aspect ratio 5:7.","No people, no hands, no faces, no text, no lettering, no logos, no labels, no watermark, no frame or border."
"assets/img/states/michigan/hero.jpg","Michigan","hero landscape","1901 × 2205","4:5","the Pictured Rocks cliffs on Lake Superior, colourful sandstone above clear turquoise water, birch forest on top. Painterly photorealistic landscape, golden-hour light with glowing dramatic clouds, high vantage point and deep perspective, rich natural greens and warm sunset tones, crisp detail, premium heritage American cookbook style (same look as the Alabama hero image). The picture will be clipped inside the outline of the state: keep the main subject in the centre and the horizon in the upper third, with nothing important near the edges. Aspect ratio 4:5.","No people, no hands, no faces, no text, no lettering, no logos, no labels, no watermark, no frame or border."
"assets/img/states/michigan/dish-1.jpg","Michigan","food — full page","2055 × 2892","5:7","Michigan-Style Cornish Pasty, the classic Michigan dish, plated and ready to serve. Recognisable ingredients: all-purpose flour, lard, unsalted butter, cold water, beef skirt steak or chuck, potatoes, rutabaga, onion; a few raw ingredients arranged around the plate. Editorial food photograph, photorealistic. Rustic weathered wooden table, a red-and-white gingham napkin, navy enamelware with small white stars, warm natural side light, soft shadows, shallow depth of field, 50 mm lens, rich but natural colours, premium coffee-table cookbook style (same look as the Alabama sliders photo). Vertical composition, dish filling the frame from a three-quarter angle. Aspect ratio 5:7.","No people, no hands, no faces, no text, no lettering, no logos, no labels, no watermark, no frame or border."
"assets/img/states/minnesota/hero.jpg","Minnesota","hero landscape","1928 × 2205","4:5","a northwoods lake in Minnesota at dawn, wild rice beds near the shore, pines and mist over the water. Painterly photorealistic landscape, golden-hour light with glowing dramatic clouds, high vantage point and deep perspective, rich natural greens and warm sunset tones, crisp detail, premium heritage American cookbook style (same look as the Alabama hero image). The picture will be clipped inside the outline of the state: keep the main subject in the centre and the horizon in the upper third, with nothing important near the edges. Aspect ratio 4:5.","No people, no hands, no faces, no text, no lettering, no logos, no labels, no watermark, no frame or border."
"assets/img/states/minnesota/dish-1.jpg","Minnesota","food — full page","2055 × 2892","5:7","Wild Rice Soup, the classic Minnesota dish, plated and ready to serve. Recognisable ingredients: chicken broth, uncooked wild rice, unsalted butter, onion, carrots, celery, mushrooms, garlic; a few raw ingredients arranged around the plate. Editorial food photograph, photorealistic. Rustic weathered wooden table, a red-and-white gingham napkin, navy enamelware with small white stars, warm natural side light, soft shadows, shallow depth of field, 50 mm lens, rich but natural colours, premium coffee-table cookbook style (same look as the Alabama sliders photo). Vertical composition, dish filling the frame from a three-quarter angle. Aspect ratio 5:7.","No people, no hands, no faces, no text, no lettering, no logos, no labels, no watermark, no frame or border."
"assets/img/states/mississippi/hero.jpg","Mississippi","hero landscape","1362 × 2205","2:3","the Mississippi River at sunset seen through live oaks, the wide river glowing gold. Painterly photorealistic landscape, golden-hour light with glowing dramatic clouds, high vantage point and deep perspective, rich natural greens and warm sunset tones, crisp detail, premium heritage American cookbook style (same look as the Alabama hero image). The picture will be clipped inside the outline of the state: keep the main subject in the centre and the horizon in the upper third, with nothing important near the edges. Aspect ratio 2:3.","No people, no hands, no faces, no text, no lettering, no logos, no labels, no watermark, no frame or border."
"assets/img/states/mississippi/dish-1.jpg","Mississippi","food — two-page spread","4110 × 2892","7:5","Mud Pie, the classic Mississippi dish, plated and ready to serve. Recognisable ingredients: unsalted butter, granulated sugar, semisweet chocolate chips, eggs, unsweetened cocoa powder, vanilla extract, cornstarch, whole milk; a few raw ingredients arranged around the plate. Editorial food photograph, photorealistic. Rustic weathered wooden table, a red-and-white gingham napkin, navy enamelware with small white stars, warm natural side light, soft shadows, shallow depth of field, 50 mm lens, rich but natural colours, premium coffee-table cookbook style (same look as the Alabama sliders photo). Wide horizontal composition for a two-page spread: dish placed left or right of centre, never on the centre line, with generous table space around it. Aspect ratio 7:5.","No people, no hands, no faces, no text, no lettering, no logos, no labels, no watermark, no frame or border."
"assets/img/states/missouri/hero.jpg","Missouri","hero landscape","1981 × 1759","5:4","the Gateway Arch in St. Louis above the Mississippi River at sunset, glowing sky reflected in the river. Painterly photorealistic landscape, golden-hour light with glowing dramatic clouds, high vantage point and deep perspective, rich natural greens and warm sunset tones, crisp detail, premium heritage American cookbook style (same look as the Alabama hero image). The picture will be clipped inside the outline of the state: keep the main subject in the centre and the horizon in the upper third, with nothing important near the edges. Aspect ratio 5:4.","No people, no hands, no faces, no text, no lettering, no logos, no labels, no watermark, no frame or border."
"assets/img/states/missouri/dish-1.jpg","Missouri","food — full page","2055 × 2892","5:7","Gooey Butter Cake, the classic Missouri dish, plated and ready to serve. Recognisable ingredients: box yellow cake mix, unsalted butter, egg, vanilla extract, full-fat cream cheese, eggs, egg yolk, powdered sugar; a few raw ingredients arranged around the plate. Editorial food photograph, photorealistic. Rustic weathered wooden table, a red-and-white gingham napkin, navy enamelware with small white stars, warm natural side light, soft shadows, shallow depth of field, 50 mm lens, rich but natural colours, premium coffee-table cookbook style (same look as the Alabama sliders photo). Vertical composition, dish filling the frame from a three-quarter angle. Aspect ratio 5:7.","No people, no hands, no faces, no text, no lettering, no logos, no labels, no watermark, no frame or border."
"assets/img/states/montana/hero.jpg","Montana","hero landscape","1981 × 1147","16:9","Glacier National Park, a turquoise mountain lake below jagged peaks, wildflowers under a vast Montana sky. Painterly photorealistic landscape, golden-hour light with glowing dramatic clouds, high vantage point and deep perspective, rich natural greens and warm sunset tones, crisp detail, premium heritage American cookbook style (same look as the Alabama hero image). The picture will be clipped inside the outline of the state: keep the main subject in the centre and the horizon in the upper third, with nothing important near the edges. Aspect ratio 16:9.","No people, no hands, no faces, no text, no lettering, no logos, no labels, no watermark, no frame or border."
"assets/img/states/montana/dish-1.jpg","Montana","food — full page","2055 × 2892","5:7","Elk Burgers with Spicy Huckleberry BBQ Sauce, the classic Montana dish, plated and ready to serve with Spicy Huckleberry BBQ Sauce on the side. Recognisable ingredients: ground elk, breadcrumbs, butter, egg, Worcestershire sauce, hamburger buns; a few raw ingredients arranged around the plate. Editorial food photograph, photorealistic. Rustic weathered wooden table, a red-and-white gingham napkin, navy enamelware with small white stars, warm natural side light, soft shadows, shallow depth of field, 50 mm lens, rich but natural colours, premium coffee-table cookbook style (same look as the Alabama sliders photo). Vertical composition, dish filling the frame from a three-quarter angle. Aspect ratio 5:7.","No people, no hands, no faces, no text, no lettering, no logos, no labels, no watermark, no frame or border."
"assets/img/states/nebraska/hero.jpg","Nebraska","hero landscape","1981 × 917","2:1","the Nebraska prairie with Chimney Rock rising above golden grass, wide sky with sunset clouds. Painterly photorealistic landscape, golden-hour light with glowing dramatic clouds, high vantage point and deep perspective, rich natural greens and warm sunset tones, crisp detail, premium heritage American cookbook style (same look as the Alabama hero image). The picture will be clipped inside the outline of the state: keep the main subject in the centre and the horizon in the upper third, with nothing important near the edges. Aspect ratio 2:1.","No people, no hands, no faces, no text, no lettering, no logos, no labels, no watermark, no frame or border."
"assets/img/states/nebraska/dish-1.jpg","Nebraska","food — full page","2055 × 2892","5:7","Cheese Frenchee, the classic Nebraska dish, plated and ready to serve. Recognisable ingredients: thick white sandwich bread, American cheese, mayonnaise, eggs, whole milk, yellow mustard, crushed crackers or cornflakes; a few raw ingredients arranged around the plate. Editorial food photograph, photorealistic. Rustic weathered wooden table, a red-and-white gingham napkin, navy enamelware with small white stars, warm natural side light, soft shadows, shallow depth of field, 50 mm lens, rich but natural colours, premium coffee-table cookbook style (same look as the Alabama sliders photo). Vertical composition, dish filling the frame from a three-quarter angle. Aspect ratio 5:7.","No people, no hands, no faces, no text, no lettering, no logos, no labels, no watermark, no frame or border."
"assets/img/states/nevada/hero.jpg","Nevada","hero landscape","1476 × 2205","2:3","the red sandstone formations of the Valley of Fire at sunset, desert floor glowing orange and pink. Painterly photorealistic landscape, golden-hour light with glowing dramatic clouds, high vantage point and deep perspective, rich natural greens and warm sunset tones, crisp detail, premium heritage American cookbook style (same look as the Alabama hero image). The picture will be clipped inside the outline of the state: keep the main subject in the centre and the horizon in the upper third, with nothing important near the edges. Aspect ratio 2:3.","No people, no hands, no faces, no text, no lettering, no logos, no labels, no watermark, no frame or border."
"assets/img/states/nevada/dish-1.jpg","Nevada","food — two-page spread","4110 × 2892","7:5","Buffet Style Prime Rib Roast with Pan Jus, the classic Nevada dish, plated and ready to serve with Pan Jus on the side. Recognisable ingredients: boneless prime rib roast, freshly ground black pepper, garlic powder, onion powder, dried rosemary, smoked paprika, olive oil or softened butter; a few raw ingredients arranged around the plate. Editorial food photograph, photorealistic. Rustic weathered wooden table, a red-and-white gingham napkin, navy enamelware with small white stars, warm natural side light, soft shadows, shallow depth of field, 50 mm lens, rich but natural colours, premium coffee-table cookbook style (same look as the Alabama sliders photo). Wide horizontal composition for a two-page spread: dish placed left or right of centre, never on the centre line, with generous table space around it. Aspect ratio 7:5.","No people, no hands, no faces, no text, no lettering, no logos, no labels, no watermark, no frame or border."
"assets/img/states/new-hampshire/hero.jpg","New Hampshire","hero landscape","1146 × 2205","9:16","the White Mountains of New Hampshire in peak autumn foliage, a covered bridge over a rocky river. Painterly photorealistic landscape, golden-hour light with glowing dramatic clouds, high vantage point and deep perspective, rich natural greens and warm sunset tones, crisp detail, premium heritage American cookbook style (same look as the Alabama hero image). The picture will be clipped inside the outline of the state: keep the main subject in the centre and the horizon in the upper third, with nothing important near the edges. Aspect ratio 9:16.","No people, no hands, no faces, no text, no lettering, no logos, no labels, no watermark, no frame or border."
"assets/img/states/new-hampshire/dish-1.jpg","New Hampshire","food — full page","2055 × 2892","5:7","Corned Beef Boiled Dinner, the classic New Hampshire dish, plated and ready to serve. Recognisable ingredients: corned beef brisket, cold water, onion, garlic, bay leaves, black peppercorns, turnips or rutabagas, carrots; a few raw ingredients arranged around the plate. Editorial food photograph, photorealistic. Rustic weathered wooden table, a red-and-white gingham napkin, navy enamelware with small white stars, warm natural side light, soft shadows, shallow depth of field, 50 mm lens, rich but natural colours, premium coffee-table cookbook style (same look as the Alabama sliders photo). Vertical composition, dish filling the frame from a three-quarter angle. Aspect ratio 5:7.","No people, no hands, no faces, no text, no lettering, no logos, no labels, no watermark, no frame or border."
"assets/img/states/new-jersey/hero.jpg","New Jersey","hero landscape","1154 × 2205","9:16","the Jersey Shore at sunrise, a wooden boardwalk, beach dunes and gentle waves. Painterly photorealistic landscape, golden-hour light with glowing dramatic clouds, high vantage point and deep perspective, rich natural greens and warm sunset tones, crisp detail, premium heritage American cookbook style (same look as the Alabama hero image). The picture will be clipped inside the outline of the state: keep the main subject in the centre and the horizon in the upper third, with nothing important near the edges. Aspect ratio 9:16.","No people, no hands, no faces, no text, no lettering, no logos, no labels, no watermark, no frame or border."
"assets/img/states/new-jersey/dish-1.jpg","New Jersey","food — full page","2055 × 2892","5:7","Pork Roll, the classic New Jersey dish, plated and ready to serve. Recognisable ingredients: pork roll, eggs, American cheese, sturdy Kaiser or hard rolls, butter or oil, ketchup; a few raw ingredients arranged around the plate. Editorial food photograph, photorealistic. Rustic weathered wooden table, a red-and-white gingham napkin, navy enamelware with small white stars, warm natural side light, soft shadows, shallow depth of field, 50 mm lens, rich but natural colours, premium coffee-table cookbook style (same look as the Alabama sliders photo). Vertical composition, dish filling the frame from a three-quarter angle. Aspect ratio 5:7.","No people, no hands, no faces, no text, no lettering, no logos, no labels, no watermark, no frame or border."
"assets/img/states/new-mexico/hero.jpg","New Mexico","hero landscape","1974 × 2205","4:5","New Mexico high desert at sunset, red mesas and the Sangre de Cristo Mountains, an adobe wall with hanging red chile ristras. Painterly photorealistic landscape, golden-hour light with glowing dramatic clouds, high vantage point and deep perspective, rich natural greens and warm sunset tones, crisp detail, premium heritage American cookbook style (same look as the Alabama hero image). The picture will be clipped inside the outline of the state: keep the main subject in the centre and the horizon in the upper third, with nothing important near the edges. Aspect ratio 4:5.","No people, no hands, no faces, no text, no lettering, no logos, no labels, no watermark, no frame or border."
"assets/img/states/new-mexico/dish-1.jpg","New Mexico","food — full page","2055 × 2892","5:7","Biscochitos, the classic New Mexico dish, plated and ready to serve. Recognisable ingredients: lard, granulated sugar, egg, brandy, all-purpose flour, baking powder, anise seeds, topping; a few raw ingredients arranged around the plate. Editorial food photograph, photorealistic. Rustic weathered wooden table, a red-and-white gingham napkin, navy enamelware with small white stars, warm natural side light, soft shadows, shallow depth of field, 50 mm lens, rich but natural colours, premium coffee-table cookbook style (same look as the Alabama sliders photo). Vertical composition, dish filling the frame from a three-quarter angle. Aspect ratio 5:7.","No people, no hands, no faces, no text, no lettering, no logos, no labels, no watermark, no frame or border."
"assets/img/states/new-york/hero.jpg","New York","hero landscape","1980 × 1514","4:3","the Mohawk Valley in upstate New York in autumn, rolling hills of orange and red maples around a winding river. Painterly photorealistic landscape, golden-hour light with glowing dramatic clouds, high vantage point and deep perspective, rich natural greens and warm sunset tones, crisp detail, premium heritage American cookbook style (same look as the Alabama hero image). The picture will be clipped inside the outline of the state: keep the main subject in the centre and the horizon in the upper third, with nothing important near the edges. Aspect ratio 4:3.","No people, no hands, no faces, no text, no lettering, no logos, no labels, no watermark, no frame or border."
"assets/img/states/new-york/dish-1.jpg","New York","food — full page","2055 × 2892","5:7","Chicken Riggies, the classic New York dish, plated and ready to serve. Recognisable ingredients: rigatoni pasta, boneless, olive oil, onion, garlic, red bell pepper, green bell pepper, hot cherry peppers; a few raw ingredients arranged around the plate. Editorial food photograph, photorealistic. Rustic weathered wooden table, a red-and-white gingham napkin, navy enamelware with small white stars, warm natural side light, soft shadows, shallow depth of field, 50 mm lens, rich but natural colours, premium coffee-table cookbook style (same look as the Alabama sliders photo). Vertical composition, dish filling the frame from a three-quarter angle. Aspect ratio 5:7.","No people, no hands, no faces, no text, no lettering, no logos, no labels, no watermark, no frame or border."
"assets/img/states/north-carolina/hero.jpg","North Carolina","hero landscape","1981 × 755","2:1","the Blue Ridge Mountains of North Carolina at sunrise, layers of blue ridges fading into the haze. Painterly photorealistic landscape, golden-hour light with glowing dramatic clouds, high vantage point and deep perspective, rich natural greens and warm sunset tones, crisp detail, premium heritage American cookbook style (same look as the Alabama hero image). The picture will be clipped inside the outline of the state: keep the main subject in the centre and the horizon in the upper third, with nothing important near the edges. Aspect ratio 2:1.","No people, no hands, no faces, no text, no lettering, no logos, no labels, no watermark, no frame or border."
"assets/img/states/north-carolina/dish-1.jpg","North Carolina","food — full page","2055 × 2892","5:7","Fried Green Tomatoes, the classic North Carolina dish, plated and ready to serve. Recognisable ingredients: firm green tomatoes, buttermilk, egg, all-purpose flour, cornmeal, black pepper, smoked paprika, hot sauce or remoulade; a few raw ingredients arranged around the plate. Editorial food photograph, photorealistic. Rustic weathered wooden table, a red-and-white gingham napkin, navy enamelware with small white stars, warm natural side light, soft shadows, shallow depth of field, 50 mm lens, rich but natural colours, premium coffee-table cookbook style (same look as the Alabama sliders photo). Vertical composition, dish filling the frame from a three-quarter angle. Aspect ratio 5:7.","No people, no hands, no faces, no text, no lettering, no logos, no labels, no watermark, no frame or border."
"assets/img/states/north-dakota/hero.jpg","North Dakota","hero landscape","1981 × 1185","16:9","the North Dakota badlands of Theodore Roosevelt National Park, striped buttes and prairie at golden hour. Painterly photorealistic landscape, golden-hour light with glowing dramatic clouds, high vantage point and deep perspective, rich natural greens and warm sunset tones, crisp detail, premium heritage American cookbook style (same look as the Alabama hero image). The picture will be clipped inside the outline of the state: keep the main subject in the centre and the horizon in the upper third, with nothing important near the edges. Aspect ratio 16:9.","No people, no hands, no faces, no text, no lettering, no logos, no labels, no watermark, no frame or border."
"assets/img/states/north-dakota/dish-1.jpg","North Dakota","food — full page","2055 × 2892","5:7","Knoephla Soup, the classic North Dakota dish, plated and ready to serve. Recognisable ingredients: butter, onion, carrots, celery stalks, chicken broth, diced potatoes, heavy cream, all-purpose flour; a few raw ingredients arranged around the plate. Editorial food photograph, photorealistic. Rustic weathered wooden table, a red-and-white gingham napkin, navy enamelware with small white stars, warm natural side light, soft shadows, shallow depth of field, 50 mm lens, rich but natural colours, premium coffee-table cookbook style (same look as the Alabama sliders photo). Vertical composition, dish filling the frame from a three-quarter angle. Aspect ratio 5:7.","No people, no hands, no faces, no text, no lettering, no logos, no labels, no watermark, no frame or border."
"assets/img/states/ohio/hero.jpg","Ohio","hero landscape","1980 × 2159","1:1","the Cincinnati skyline and the Roebling Suspension Bridge over the Ohio River at dusk, warm city lights on the water. Painterly photorealistic landscape, golden-hour light with glowing dramatic clouds, high vantage point and deep perspective, rich natural greens and warm sunset tones, crisp detail, premium heritage American cookbook style (same look as the Alabama hero image). The picture will be clipped inside the outline of the state: keep the main subject in the centre and the horizon in the upper third, with nothing important near the edges. Aspect ratio 1:1.","No people, no hands, no faces, no text, no lettering, no logos, no labels, no watermark, no frame or border."
"assets/img/states/ohio/dish-1.jpg","Ohio","food — full page","2055 × 2892","5:7","Cincinnati Chili, the classic Ohio dish, plated and ready to serve. Recognisable ingredients: ground beef, bay leaf, chili powder, sweet paprika, ground allspice, ground black pepper, ground cinnamon, ground cloves; a few raw ingredients arranged around the plate. Editorial food photograph, photorealistic. Rustic weathered wooden table, a red-and-white gingham napkin, navy enamelware with small white stars, warm natural side light, soft shadows, shallow depth of field, 50 mm lens, rich but natural colours, premium coffee-table cookbook style (same look as the Alabama sliders photo). Vertical composition, dish filling the frame from a three-quarter angle. Aspect ratio 5:7.","No people, no hands, no faces, no text, no lettering, no logos, no labels, no watermark, no frame or border."
"assets/img/states/oklahoma/hero.jpg","Oklahoma","hero landscape","1981 × 993","2:1","the Oklahoma red-dirt prairie with golden wheat fields under a dramatic sunset sky, the Wichita Mountains on the horizon. Painterly photorealistic landscape, golden-hour light with glowing dramatic clouds, high vantage point and deep perspective, rich natural greens and warm sunset tones, crisp detail, premium heritage American cookbook style (same look as the Alabama hero image). The picture will be clipped inside the outline of the state: keep the main subject in the centre and the horizon in the upper third, with nothing important near the edges. Aspect ratio 2:1.","No people, no hands, no faces, no text, no lettering, no logos, no labels, no watermark, no frame or border."
"assets/img/states/oklahoma/dish-1.jpg","Oklahoma","food — full page","2055 × 2892","5:7","Cast-Iron Skillet Cornbread, the classic Oklahoma dish, plated and ready to serve. Recognisable ingredients: yellow cornmeal, all-purpose flour, baking powder, baking soda, egg, buttermilk, corn kernels, jalapeño; a few raw ingredients arranged around the plate. Editorial food photograph, photorealistic. Rustic weathered wooden table, a red-and-white gingham napkin, navy enamelware with small white stars, warm natural side light, soft shadows, shallow depth of field, 50 mm lens, rich but natural colours, premium coffee-table cookbook style (same look as the Alabama sliders photo). Vertical composition, dish filling the frame from a three-quarter angle. Aspect ratio 5:7.","No people, no hands, no faces, no text, no lettering, no logos, no labels, no watermark, no frame or border."
"assets/img/states/oregon/hero.jpg","Oregon","hero landscape","1981 × 1474","4:3","the Oregon coast at Cannon Beach, Haystack Rock in the surf at sunset, wet sand reflecting the sky. Painterly photorealistic landscape, golden-hour light with glowing dramatic clouds, high vantage point and deep perspective, rich natural greens and warm sunset tones, crisp detail, premium heritage American cookbook style (same look as the Alabama hero image). The picture will be clipped inside the outline of the state: keep the main subject in the centre and the horizon in the upper third, with nothing important near the edges. Aspect ratio 4:3.","No people, no hands, no faces, no text, no lettering, no logos, no labels, no watermark, no frame or border."
"assets/img/states/oregon/dish-1.jpg","Oregon","food — full page","2055 × 2892","5:7","Jo Jo Potatoes, the classic Oregon dish, plated and ready to serve. Recognisable ingredients: russet potatoes, all-purpose flour, black pepper, paprika, garlic powder, onion powder, cayenne pepper, buttermilk; a few raw ingredients arranged around the plate. Editorial food photograph, photorealistic. Rustic weathered wooden table, a red-and-white gingham napkin, navy enamelware with small white stars, warm natural side light, soft shadows, shallow depth of field, 50 mm lens, rich but natural colours, premium coffee-table cookbook style (same look as the Alabama sliders photo). Vertical composition, dish filling the frame from a three-quarter angle. Aspect ratio 5:7.","No people, no hands, no faces, no text, no lettering, no logos, no labels, no watermark, no frame or border."
"assets/img/states/pennsylvania/hero.jpg","Pennsylvania","hero landscape","1981 × 1143","16:9","the Philadelphia skyline from the Schuylkill River at dusk, the historic boathouses lit along the bank. Painterly photorealistic landscape, golden-hour light with glowing dramatic clouds, high vantage point and deep perspective, rich natural greens and warm sunset tones, crisp detail, premium heritage American cookbook style (same look as the Alabama hero image). The picture will be clipped inside the outline of the state: keep the main subject in the centre and the horizon in the upper third, with nothing important near the edges. Aspect ratio 16:9.","No people, no hands, no faces, no text, no lettering, no logos, no labels, no watermark, no frame or border."
"assets/img/states/pennsylvania/dish-1.jpg","Pennsylvania","food — two-page spread","4110 × 2892","7:5","Philly Cheesesteak, the classic Pennsylvania dish, plated and ready to serve. Recognisable ingredients: well-marbled boneless ribeye, freshly ground black pepper, Worcestershire sauce, unsalted butter, garlic clove, long Amoroso-style hoagie roll, neutral oil, sweet onion; a few raw ingredients arranged around the plate. Editorial food photograph, photorealistic. Rustic weathered wooden table, a red-and-white gingham napkin, navy enamelware with small white stars, warm natural side light, soft shadows, shallow depth of field, 50 mm lens, rich but natural colours, premium coffee-table cookbook style (same look as the Alabama sliders photo). Wide horizontal composition for a two-page spread: dish placed left or right of centre, never on the centre line, with generous table space around it. Aspect ratio 7:5.","No people, no hands, no faces, no text, no lettering, no logos, no labels, no watermark, no frame or border."
"assets/img/states/rhode-island/hero.jpg","Rhode Island","hero landscape","1409 × 2205","2:3","Narragansett Bay in Rhode Island, sailboats on blue water and a lighthouse on a rocky point at golden hour. Painterly photorealistic landscape, golden-hour light with glowing dramatic clouds, high vantage point and deep perspective, rich natural greens and warm sunset tones, crisp detail, premium heritage American cookbook style (same look as the Alabama hero image). The picture will be clipped inside the outline of the state: keep the main subject in the centre and the horizon in the upper third, with nothing important near the edges. Aspect ratio 2:3.","No people, no hands, no faces, no text, no lettering, no logos, no labels, no watermark, no frame or border."
"assets/img/states/rhode-island/dish-1.jpg","Rhode Island","food — full page","2055 × 2892","5:7","Johnnycakes, the classic Rhode Island dish, plated and ready to serve. Recognisable ingredients: boiling water, milk, butter or bacon fat; a few raw ingredients arranged around the plate. Editorial food photograph, photorealistic. Rustic weathered wooden table, a red-and-white gingham napkin, navy enamelware with small white stars, warm natural side light, soft shadows, shallow depth of field, 50 mm lens, rich but natural colours, premium coffee-table cookbook style (same look as the Alabama sliders photo). Vertical composition, dish filling the frame from a three-quarter angle. Aspect ratio 5:7.","No people, no hands, no faces, no text, no lettering, no logos, no labels, no watermark, no frame or border."
"assets/img/states/south-carolina/hero.jpg","South Carolina","hero landscape","1981 × 1590","5:4","the South Carolina Lowcountry, a tidal creek winding through marsh grass, live oaks with Spanish moss at sunset. Painterly photorealistic landscape, golden-hour light with glowing dramatic clouds, high vantage point and deep perspective, rich natural greens and warm sunset tones, crisp detail, premium heritage American cookbook style (same look as the Alabama hero image). The picture will be clipped inside the outline of the state: keep the main subject in the centre and the horizon in the upper third, with nothing important near the edges. Aspect ratio 5:4.","No people, no hands, no faces, no text, no lettering, no logos, no labels, no watermark, no frame or border."
"assets/img/states/south-carolina/dish-1.jpg","South Carolina","food — two-page spread","4110 × 2892","7:5","Gullah Shrimp and Sausage Perloo, the classic South Carolina dish, plated and ready to serve. Recognisable ingredients: shrimp, chicken stock, bay leaf, smoked sausage, onion, bell pepper, garlic, tomato paste; a few raw ingredients arranged around the plate. Editorial food photograph, photorealistic. Rustic weathered wooden table, a red-and-white gingham napkin, navy enamelware with small white stars, warm natural side light, soft shadows, shallow depth of field, 50 mm lens, rich but natural colours, premium coffee-table cookbook style (same look as the Alabama sliders photo). Wide horizontal composition for a two-page spread: dish placed left or right of centre, never on the centre line, with generous table space around it. Aspect ratio 7:5.","No people, no hands, no faces, no text, no lettering, no logos, no labels, no watermark, no frame or border."
"assets/img/states/south-dakota/hero.jpg","South Dakota","hero landscape","1981 × 1228","3:2","the South Dakota Badlands at sunset, layered pink and gold rock spires under a wide sky. Painterly photorealistic landscape, golden-hour light with glowing dramatic clouds, high vantage point and deep perspective, rich natural greens and warm sunset tones, crisp detail, premium heritage American cookbook style (same look as the Alabama hero image). The picture will be clipped inside the outline of the state: keep the main subject in the centre and the horizon in the upper third, with nothing important near the edges. Aspect ratio 3:2.","No people, no hands, no faces, no text, no lettering, no logos, no labels, no watermark, no frame or border."
"assets/img/states/south-dakota/dish-1.jpg","South Dakota","food — full page","2055 × 2892","5:7","Chislic, the classic South Dakota dish, plated and ready to serve. Recognisable ingredients: lamb, garlic powder, toothpicks or skewers; a few raw ingredients arranged around the plate. Editorial food photograph, photorealistic. Rustic weathered wooden table, a red-and-white gingham napkin, navy enamelware with small white stars, warm natural side light, soft shadows, shallow depth of field, 50 mm lens, rich but natural colours, premium coffee-table cookbook style (same look as the Alabama sliders photo). Vertical composition, dish filling the frame from a three-quarter angle. Aspect ratio 5:7.","No people, no hands, no faces, no text, no lettering, no logos, no labels, no watermark, no frame or border."
"assets/img/states/tennessee/hero.jpg","Tennessee","hero landscape","1981 × 485","2:1","the Great Smoky Mountains of Tennessee at sunrise, blue mist between forested ridges. Painterly photorealistic landscape, golden-hour light with glowing dramatic clouds, high vantage point and deep perspective, rich natural greens and warm sunset tones, crisp detail, premium heritage American cookbook style (same look as the Alabama hero image). The picture will be clipped inside the outline of the state: keep the main subject in the centre and the horizon in the upper third, with nothing important near the edges. Aspect ratio 2:1.","No people, no hands, no faces, no text, no lettering, no logos, no labels, no watermark, no frame or border."
"assets/img/states/tennessee/dish-1.jpg","Tennessee","food — full page","2055 × 2892","5:7","Fried Chicken with Spicy Nashville Paste, the classic Tennessee dish, plated and ready to serve. Recognisable ingredients: bone-in, buttermilk, hot sauce, all-purpose flour, black pepper, paprika, frying oil, cayenne pepper; a few raw ingredients arranged around the plate. Editorial food photograph, photorealistic. Rustic weathered wooden table, a red-and-white gingham napkin, navy enamelware with small white stars, warm natural side light, soft shadows, shallow depth of field, 50 mm lens, rich but natural colours, premium coffee-table cookbook style (same look as the Alabama sliders photo). Vertical composition, dish filling the frame from a three-quarter angle. Aspect ratio 5:7.","No people, no hands, no faces, no text, no lettering, no logos, no labels, no watermark, no frame or border."
"assets/img/states/texas/hero.jpg","Texas","hero landscape","1981 × 1892","1:1","the Texas Hill Country in spring, fields of bluebonnets around a spreading live oak, big blue sky. Painterly photorealistic landscape, golden-hour light with glowing dramatic clouds, high vantage point and deep perspective, rich natural greens and warm sunset tones, crisp detail, premium heritage American cookbook style (same look as the Alabama hero image). The picture will be clipped inside the outline of the state: keep the main subject in the centre and the horizon in the upper third, with nothing important near the edges. Aspect ratio 1:1.","No people, no hands, no faces, no text, no lettering, no logos, no labels, no watermark, no frame or border."
"assets/img/states/texas/dish-1.jpg","Texas","food — full page","2055 × 2892","5:7","Chili con Carne, the classic Texas dish, plated and ready to serve. Recognisable ingredients: beef chuck, onions, garlic, fresh jalapeños, chili powder, ground cumin, smoked paprika, dried oregano; a few raw ingredients arranged around the plate. Editorial food photograph, photorealistic. Rustic weathered wooden table, a red-and-white gingham napkin, navy enamelware with small white stars, warm natural side light, soft shadows, shallow depth of field, 50 mm lens, rich but natural colours, premium coffee-table cookbook style (same look as the Alabama sliders photo). Vertical composition, dish filling the frame from a three-quarter angle. Aspect ratio 5:7.","No people, no hands, no faces, no text, no lettering, no logos, no labels, no watermark, no frame or border."
"assets/img/states/utah/hero.jpg","Utah","hero landscape","1758 × 2205","4:5","Delicate Arch in Utah at sunset, red rock glowing against snow-capped La Sal Mountains. Painterly photorealistic landscape, golden-hour light with glowing dramatic clouds, high vantage point and deep perspective, rich natural greens and warm sunset tones, crisp detail, premium heritage American cookbook style (same look as the Alabama hero image). The picture will be clipped inside the outline of the state: keep the main subject in the centre and the horizon in the upper third, with nothing important near the edges. Aspect ratio 4:5.","No people, no hands, no faces, no text, no lettering, no logos, no labels, no watermark, no frame or border."
"assets/img/states/utah/dish-1.jpg","Utah","food — full page","2055 × 2892","5:7","Funeral Potatoes, the classic Utah dish, plated and ready to serve. Recognisable ingredients: bag frozen shredded hash browns, cream of chicken soup, sour cream, sharp cheddar cheese, unsalted butter, onion, garlic powder, black pepper; a few raw ingredients arranged around the plate. Editorial food photograph, photorealistic. Rustic weathered wooden table, a red-and-white gingham napkin, navy enamelware with small white stars, warm natural side light, soft shadows, shallow depth of field, 50 mm lens, rich but natural colours, premium coffee-table cookbook style (same look as the Alabama sliders photo). Vertical composition, dish filling the frame from a three-quarter angle. Aspect ratio 5:7.","No people, no hands, no faces, no text, no lettering, no logos, no labels, no watermark, no frame or border."
"assets/img/states/vermont/hero.jpg","Vermont","hero landscape","1333 × 2205","9:16","Vermont in autumn, a red barn and sugar maples in full colour, an apple orchard on the green hills. Painterly photorealistic landscape, golden-hour light with glowing dramatic clouds, high vantage point and deep perspective, rich natural greens and warm sunset tones, crisp detail, premium heritage American cookbook style (same look as the Alabama hero image). The picture will be clipped inside the outline of the state: keep the main subject in the centre and the horizon in the upper third, with nothing important near the edges. Aspect ratio 9:16.","No people, no hands, no faces, no text, no lettering, no logos, no labels, no watermark, no frame or border."
"assets/img/states/vermont/dish-1.jpg","Vermont","food — full page","2055 × 2892","5:7","Apple Pie with Cheddar Cheese, the classic Vermont dish, plated and ready to serve. Recognisable ingredients: all-purpose flour, cold unsalted butter, peeled, granulated sugar, brown sugar, cinnamon, nutmeg, lemon juice; a few raw ingredients arranged around the plate. Editorial food photograph, photorealistic. Rustic weathered wooden table, a red-and-white gingham napkin, navy enamelware with small white stars, warm natural side light, soft shadows, shallow depth of field, 50 mm lens, rich but natural colours, premium coffee-table cookbook style (same look as the Alabama sliders photo). Vertical composition, dish filling the frame from a three-quarter angle. Aspect ratio 5:7.","No people, no hands, no faces, no text, no lettering, no logos, no labels, no watermark, no frame or border."
"assets/img/states/virginia/hero.jpg","Virginia","hero landscape","1980 × 863","2:1","the Shenandoah Valley from the Blue Ridge Parkway at sunset, farmland and ridges in soft light. Painterly photorealistic landscape, golden-hour light with glowing dramatic clouds, high vantage point and deep perspective, rich natural greens and warm sunset tones, crisp detail, premium heritage American cookbook style (same look as the Alabama hero image). The picture will be clipped inside the outline of the state: keep the main subject in the centre and the horizon in the upper third, with nothing important near the edges. Aspect ratio 2:1.","No people, no hands, no faces, no text, no lettering, no logos, no labels, no watermark, no frame or border."
"assets/img/states/virginia/dish-1.jpg","Virginia","food — full page","2055 × 2892","5:7","Peanut Soup, the classic Virginia dish, plated and ready to serve. Recognisable ingredients: unsalted butter, onion, ribs celery, all-purpose flour, chicken stock, smooth peanut butter, half-and-half or whole milk, Worcestershire sauce; a few raw ingredients arranged around the plate. Editorial food photograph, photorealistic. Rustic weathered wooden table, a red-and-white gingham napkin, navy enamelware with small white stars, warm natural side light, soft shadows, shallow depth of field, 50 mm lens, rich but natural colours, premium coffee-table cookbook style (same look as the Alabama sliders photo). Vertical composition, dish filling the frame from a three-quarter angle. Aspect ratio 5:7.","No people, no hands, no faces, no text, no lettering, no logos, no labels, no watermark, no frame or border."
"assets/img/states/washington/hero.jpg","Washington","hero landscape","1981 × 1302","3:2","Mount Rainier above alpine wildflower meadows, evergreen forest and a clear sky at golden hour. Painterly photorealistic landscape, golden-hour light with glowing dramatic clouds, high vantage point and deep perspective, rich natural greens and warm sunset tones, crisp detail, premium heritage American cookbook style (same look as the Alabama hero image). The picture will be clipped inside the outline of the state: keep the main subject in the centre and the horizon in the upper third, with nothing important near the edges. Aspect ratio 3:2.","No people, no hands, no faces, no text, no lettering, no logos, no labels, no watermark, no frame or border."
"assets/img/states/washington/dish-1.jpg","Washington","food — full page","2055 × 2892","5:7","Cedar Planked Salmon with Honey-Balsamic Glaze, the classic Washington dish, plated and ready to serve. Recognisable ingredients: fresh salmon fillet, cedar plank, olive oil, honey, balsamic vinegar, tamari, Dijon mustard, minced garlic; a few raw ingredients arranged around the plate. Editorial food photograph, photorealistic. Rustic weathered wooden table, a red-and-white gingham napkin, navy enamelware with small white stars, warm natural side light, soft shadows, shallow depth of field, 50 mm lens, rich but natural colours, premium coffee-table cookbook style (same look as the Alabama sliders photo). Vertical composition, dish filling the frame from a three-quarter angle. Aspect ratio 5:7.","No people, no hands, no faces, no text, no lettering, no logos, no labels, no watermark, no frame or border."
"assets/img/states/west-virginia/hero.jpg","West Virginia","hero landscape","1981 × 1775","1:1","the New River Gorge in West Virginia in autumn, the arch bridge above a misty river canyon. Painterly photorealistic landscape, golden-hour light with glowing dramatic clouds, high vantage point and deep perspective, rich natural greens and warm sunset tones, crisp detail, premium heritage American cookbook style (same look as the Alabama hero image). The picture will be clipped inside the outline of the state: keep the main subject in the centre and the horizon in the upper third, with nothing important near the edges. Aspect ratio 1:1.","No people, no hands, no faces, no text, no lettering, no logos, no labels, no watermark, no frame or border."
"assets/img/states/west-virginia/dish-1.jpg","West Virginia","food — two-page spread","4110 × 2892","7:5","Buckwheat Pancakes, the classic West Virginia dish, plated and ready to serve. Recognisable ingredients: active dry yeast, lukewarm water, buttermilk, buckwheat flour, all-purpose flour, baking soda, sugar, hot water; a few raw ingredients arranged around the plate. Editorial food photograph, photorealistic. Rustic weathered wooden table, a red-and-white gingham napkin, navy enamelware with small white stars, warm natural side light, soft shadows, shallow depth of field, 50 mm lens, rich but natural colours, premium coffee-table cookbook style (same look as the Alabama sliders photo). Wide horizontal composition for a two-page spread: dish placed left or right of centre, never on the centre line, with generous table space around it. Aspect ratio 7:5.","No people, no hands, no faces, no text, no lettering, no logos, no labels, no watermark, no frame or border."
"assets/img/states/wisconsin/hero.jpg","Wisconsin","hero landscape","1981 × 2134","1:1","Wisconsin dairy country, red barns and silos on rolling green hills, Lake Michigan shoreline in the distance. Painterly photorealistic landscape, golden-hour light with glowing dramatic clouds, high vantage point and deep perspective, rich natural greens and warm sunset tones, crisp detail, premium heritage American cookbook style (same look as the Alabama hero image). The picture will be clipped inside the outline of the state: keep the main subject in the centre and the horizon in the upper third, with nothing important near the edges. Aspect ratio 1:1.","No people, no hands, no faces, no text, no lettering, no logos, no labels, no watermark, no frame or border."
"assets/img/states/wisconsin/dish-1.jpg","Wisconsin","food — two-page spread","4110 × 2892","7:5","Kringle, the classic Wisconsin dish, plated and ready to serve. Recognisable ingredients: all-purpose flour, granulated sugar, packet  active dry yeast, warm milk, egg, unsalted butter, cold unsalted butter, packed brown sugar; a few raw ingredients arranged around the plate. Editorial food photograph, photorealistic. Rustic weathered wooden table, a red-and-white gingham napkin, navy enamelware with small white stars, warm natural side light, soft shadows, shallow depth of field, 50 mm lens, rich but natural colours, premium coffee-table cookbook style (same look as the Alabama sliders photo). Wide horizontal composition for a two-page spread: dish placed left or right of centre, never on the centre line, with generous table space around it. Aspect ratio 7:5.","No people, no hands, no faces, no text, no lettering, no logos, no labels, no watermark, no frame or border."
"assets/img/states/wyoming/hero.jpg","Wyoming","hero landscape","1980 × 1520","4:3","the Grand Teton range above the Snake River at sunrise, a clear trout stream and sagebrush in the foreground. Painterly photorealistic landscape, golden-hour light with glowing dramatic clouds, high vantage point and deep perspective, rich natural greens and warm sunset tones, crisp detail, premium heritage American cookbook style (same look as the Alabama hero image). The picture will be clipped inside the outline of the state: keep the main subject in the centre and the horizon in the upper third, with nothing important near the edges. Aspect ratio 4:3.","No people, no hands, no faces, no text, no lettering, no logos, no labels, no watermark, no frame or border."
"assets/img/states/wyoming/dish-1.jpg","Wyoming","food — full page","2055 × 2892","5:7","Cowboy Cutthroat Trout, the classic Wyoming dish, plated and ready to serve. Recognisable ingredients: Wyoming cutthroat trout, olive oil or melted butter, cumin, smoked paprika, chili powder, garlic powder, brown sugar, black pepper; a few raw ingredients arranged around the plate. Editorial food photograph, photorealistic. Rustic weathered wooden table, a red-and-white gingham napkin, navy enamelware with small white stars, warm natural side light, soft shadows, shallow depth of field, 50 mm lens, rich but natural colours, premium coffee-table cookbook style (same look as the Alabama sliders photo). Vertical composition, dish filling the frame from a three-quarter angle. Aspect ratio 5:7.","No people, no hands, no faces, no text, no lettering, no logos, no labels, no watermark, no frame or border."